{
	"admin/services/whatsapp": {
		"title": "WhatsApp",
		"order": 30,
		"action": {
			"type": "firstchild"
		},
		"depends": {
			"uci": { "whatsapp-bot": true }
		}
	},

	"admin/services/whatsapp/setting": {
		"title": "Settings",
		"order": 1,
		"action": {
			"type": "view",
			"path": "whatsapp/setting"
		}
	},
	
	"admin/services/whatsapp/login": {
		"title": "Login",
		"order": 2,
		"action": {
			"type": "template",
			"path": "whatsapp/login"
		}
	},
	
	"admin/services/whatsapp/message": {
		"title": "Message",
		"order": 3,
		"action": {
			"type": "template",
			"path": "whatsapp/message"
		}
	},
	
	"admin/services/whatsapp/logs": {
		"title": "Logs",
		"order": 4,
		"action": {
			"type": "view",
			"path": "whatsapp/logs"
		}
	}
}